–í—ä–ø—Ä–æ—Å;–û—Ç–≥–æ–≤–æ—Ä;–°–Ω–∏–º–∫–∞ (–ª–∏–Ω–∫);–°–Ω–∏–º–∫–∞ –æ—Ç–≥–æ–≤–æ—Ä (–ª–∏–Ω–∫)
–ö–∞–∫–≤–æ –ø—Ä–µ–¥—Å—Ç–∞–≤–ª—è–≤–∞ –º—É—Å–∫—É–ª–Ω–æ—Ç–æ –≤–ª–∞–∫–Ω–æ (–º–∏–æ—Ñ–∏–±—Ä–∞—Ç–∞)?;–ò–º–∞ —Ü–∏–ª–∏–Ω–¥—Ä–∏—á–Ω–∞ —Ñ–æ—Ä–º–∞, –Ω—è–∫–æ–ª–∫–æ —è–¥—Ä–∞ –∏ –º–æ–∂–µ –¥–∞ –¥–æ—Å—Ç–∏–≥–Ω–µ –¥–æ 10-12 —Å–º –¥—ä–ª–∂–∏–Ω–∞. –°—ä—Å—Ç–∞–≤–µ–Ω–∞ –µ –æ—Ç –ø–æ-–º–∞–ª–∫–∏ —Ñ—É–Ω–∫—Ü–∏–æ–Ω–∞–ª–Ω–∏ –µ–¥–∏–Ω–∏—Ü–∏ - –º–∏–æ—Ñ–∏–±—Ä–∏–ª–∏ (–º–∏–∫—Ä–æ–≤–ª–∞–∫–Ω–∞), –∫–æ–∏—Ç–æ –ª–µ–∂–∞—Ç –Ω–∞ –¥—ä–ª–≥–∞—Ç–∞ –æ—Å –Ω–∞ –∫–ª–µ—Ç–∫–∞—Ç–∞ –∏ —Å–∞ –∑–∞–æ–±–∏–∫–æ–ª–µ–Ω–∏ –æ—Ç –º—Ä–µ–∂–∞ –æ—Ç –Ω–∞–¥–ª—ä–∂–Ω–∏ –∫–∞–Ω–∞–ª—á–µ—Ç–∞ (—Å–∞—Ä–∫–æ–ø–ª–∞–∑–º–µ–Ω —Ä–µ—Ç–∏–∫—É–ª—É–º).;;
–ö–∞–∫ —Å–µ –Ω–∞—Ä–∏—á–∞ –æ–±–≤–∏–≤–∫–∞—Ç–∞ –æ–∫–æ–ª–æ –º—É—Å–∫—É–ª–Ω–æ—Ç–æ –≤–ª–∞–∫–Ω–æ?;–ï–Ω–¥–æ–º–∏–∑–∏—É–º -  —Å—ä–µ–¥–∏–Ω–∏—Ç–µ–ª–Ω–∞ —Ç—ä–∫–∞–Ω, –∫–æ—è—Ç–æ –ø–æ–∫—Ä–∏–≤–∞ –≤—Å—è–∫–æ –º—É—Å–∫—É–ª–Ω–æ –≤–ª–∞–∫–Ω–æ.;;https://fitbg.net/attachments/Blog/931/includable/struktura-na-skeletnata-muskulatura.jpg
–ö–∞–∫ —Å–µ –Ω–∞—Ä–∏—á–∞ —Å–Ω–æ–ø –≥—Ä—É–ø–∏—Ä–∞–Ω–∏ –º—É—Å–∫—É–ª–Ω–∏ –≤–ª–∞–∫–Ω–∞?;–§–∞—Å—Ü–∏–∫—É–ª—É—Å.;;https://fitbg.net/attachments/Blog/931/includable/struktura-na-skeletnata-muskulatura.jpg
–ö–∞–∫ —Å–µ –Ω–∞—Ä–∏—á–∞ –æ–±–≤–∏–≤–∫–∞—Ç–∞ –æ–∫–æ–ª–æ —Å–Ω–æ–ø –º—É—Å–∫—É–ª–Ω–∏ –≤–ª–∞–∫–Ω–∞?;–ü–µ—Ä–∏–º–∏–∑–∏—É–º (–ø–æ-–ø–ª—ä—Ç–Ω–∞ —Å—ä–µ–¥–∏–Ω–∏—Ç–µ–ª–Ω–∞ —Ç—ä–∫–∞–Ω).;;https://fitbg.net/attachments/Blog/931/includable/struktura-na-skeletnata-muskulatura.jpg
–ó–∞—â–æ —Å–∫–µ–ª–µ—Ç–Ω–∞—Ç–∞ –º—É—Å–∫—É–ª–∞—Ç—É—Ä–∞ –∏–∑–≥–ª–µ–∂–¥–∞ –Ω–∞–ø—Ä–µ—á–Ω–æ –Ω–∞–±—Ä–∞–∑–¥–µ–Ω–∞?;"–ò–∑–≥–ª–µ–∂–¥–∞ –Ω–∞ –∏–≤–∏—Ü–∏, –∑–∞—â–æ—Ç–æ:
- A-–∏–≤–∏—Ü–∞ (—Ç—ä–º–Ω–∞) ‚Üí –∏–º–∞ –∞–∫—Ç–∏–Ω + –º–∏–æ–∑–∏–Ω
- I-–∏–≤–∏—Ü–∞ (—Å–≤–µ—Ç–ª–∞) ‚Üí –∏–º–∞ —Å–∞–º–æ –∞–∫—Ç–∏–Ω
- H-–∑–æ–Ω–∞ ‚Üí –∏–º–∞ —Å–∞–º–æ –º–∏–æ–∑–∏–Ω
- Z-–¥–∏—Å–∫–æ–≤–µ ‚Üí –≥—Ä–∞–Ω–∏—Ü–∏—Ç–µ –Ω–∞ —Å–∞—Ä–∫–æ–º–µ—Ä–∞";;https://static.framar.bg/thumbs/6/phisiology/180730124611stroej-na-muskulanata-kletka.jpg
–ö–∞–∫–≤–æ –ø—Ä–µ–¥—Å—Ç–∞–≤–ª—è–≤–∞ —Å–∞–∫—Ä–æ–º–µ—Ä—ä—Ç?;–û—Å–Ω–æ–≤–Ω–∞—Ç–∞ —Ñ—É–Ω–∫—Ü–∏–æ–Ω–∞–ª–Ω–∞ –µ–¥–∏–Ω–∏—Ü–∞ –Ω–∞ —Å—ä–∫—Ä–∞—â–µ–Ω–∏–µ—Ç–æ –Ω–∞ –º–∏–æ—Ñ–∏–±—Ä–∏–ª–∏—Ç–µ. –û—Ç–¥–µ–ª–Ω–∏—Ç–µ —Å–∞–∫—Ä–æ–º–µ—Ä–∏ —Å–µ –æ—Ç–¥–µ–ª—è—Ç –µ–¥–∏–Ω –æ—Ç –¥—Ä—É–≥ —á—Ä–µ–∑ –ø–ª—ä—Ç–µ–Ω –±–µ–ª—Ç—ä—á–µ–Ω –º–∞—Ç–µ—Ä–∏–∞–ª, –Ω–∞—Ä–µ—á–µ–Ω Z –º–µ–º–±—Ä–∞–Ω–∞. –ï–¥–∏–Ω —Å–∞–∫—Ä–æ–º–µ—Ä —Å–µ –Ω–∞–º–∏—Ä–∞ –º–µ–∂–¥—É –¥–≤–µ Z –º–µ–º–±—Ä–∞–Ω–∏. ;;
–ö–∞–∫–≤–æ –ø—Ä–µ–¥—Å—Ç–∞–≤–ª—è–≤–∞—Ç –∏ –∫–∞–∫–≤–æ –ø—Ä–∞–≤—è—Ç –¢-—Ç—É–±—É–ª–∏—Ç–µ?;–¢-—Ç—É–±—É–ª–∏—Ç–µ —Å–∞ –∏–Ω–≤–∞–≥–∏–Ω–∞—Ü–∏–∏ (–≤–≥—ä–≤–∞–Ω–∏—è) –Ω–∞ —Å–∞—Ä–∫–æ–ª–µ–º–∞—Ç–∞, –∫–æ–∏—Ç–æ –ø—Ä–æ–≤–µ–∂–¥–∞—Ç –µ–ª–µ–∫—Ç—Ä–∏—á–µ—Å–∫–∏—è –∏–º–ø—É–ª—Å –Ω–∞–≤—ä—Ç—Ä–µ –≤ –º—É—Å–∫—É–ª–Ω–æ—Ç–æ –≤–ª–∞–∫–Ω–æ –∏ –æ—Å–∏–≥—É—Ä—è–≤–∞—Ç –±—ä—Ä–∑–æ –∏ —Å–∏–Ω—Ö—Ä–æ–Ω–Ω–æ –æ—Å–≤–æ–±–æ–∂–¥–∞–≤–∞–Ω–µ –Ω–∞ Ca¬≤‚Å∫ –æ—Ç —Å–∞—Ä–∫–æ–ø–ª–∞–∑–º–∞—Ç–∏—á–Ω–∏—è —Ä–µ—Ç–∏–∫—É–ª—É–º.;;
–ö–∞–∫–≤–∏ —Å–∞ –æ—Å–Ω–æ–≤–Ω–∏—Ç–µ —Å—Ç—ä–ø–∫–∏ –Ω–∞ –∞–∫—Ç–∏–Ω‚Äì–º–∏–æ–∑–∏–Ω–æ–≤–∏—è —Ü–∏–∫—ä–ª?;"–ö–∞–ª—Ü–∏—è—Ç —Å–µ —Å–≤—ä—Ä–∑–≤–∞ —Å —Ç—Ä–æ–ø–æ–Ω–∏–Ω–∞ –∏ —Ç—Ä–æ–ø–æ–Ω–∏–Ω-—Ç—Ä–æ–ø–æ–º–∏–æ–∑–∏–Ω –∫–æ–º–ø–ª–µ–∫—Å—ä—Ç —Å–µ –æ—Ç–º–µ—Å—Ç–≤–∞ –∏ –æ—Ç–∫—Ä–∏–≤–∞ –∞–∫—Ç–∏–≤–Ω–∏—Ç–µ —Ü–µ–Ω—Ç—Ä–æ–≤–µ –Ω–∞ –∞–∫—Ç–∏–Ω–æ–≤–∏—Ç–µ –Ω–∏—à–∫–∏. 
1. –ú–∏–æ–∑–∏–Ω–æ–≤–∞—Ç–∞ –≥–ª–∞–≤–∞ —Å–µ —Å–≤—ä—Ä–∑–≤–∞ —Å –∞–∫—Ç–∏–Ω–∞ –∏ —Å–µ –æ–±—Ä–∞–∑—É–≤–∞—Ç –Ω–∞–ø—Ä–µ—á–Ω–∏ –º–æ—Å—Ç—á–µ—Ç–∞. 
2. –ê–∫—Ç–∏–Ω—ä—Ç –∞–∫—Ç–∏–≤–∏—Ä–∞ –µ–Ω–∑–∏–º–∞ –ê–¢–§-–∞–∑–∞, –∫–æ–π—Ç–æ —Ä–∞–∑–≥—Ä–∞–∂–¥–∞ –ê–¢–§. 
3. –û—Å–≤–æ–±–æ–¥–µ–Ω–∞—Ç–∞ –µ–Ω–µ—Ä–≥–∏—è –∑–∞–¥–≤–∏–∂–≤–∞ –Ω–∞–ø—Ä–µ—á–Ω–∏—Ç–µ –º–æ—Å—Ç—á–µ—Ç–∞ –∫—ä–º —Å—Ä–µ–¥–∞—Ç–∞ –Ω–∞ —Å–∞—Ä–∫–æ–º–µ—Ä–∞ —á—Ä–µ–∑ –æ–≥—ä–≤–∞–Ω–µ –Ω–∞ –º–∏–æ–∑–∏–Ω–æ–≤–∏—Ç–µ –≥–ª–∞–≤–∏ –∏ –ø—Ä–∏–ø–ª—ä–∑–≤–∞–Ω–µ –Ω–∞ –∞—Ç–∏–Ω–∞ –º–µ–∂–¥—É –º–∏–æ–∑–∏–Ω–æ–≤–∏—Ç–µ –Ω–∞–≤—ä—Ç—Ä–µ –∫—ä–º —Ü–µ–Ω—Ç—ä—Ä–∞. 
4. –†–∞–∑–≥—Ä–∞–∂–¥–∞–Ω–µ—Ç–æ –Ω–∞ –Ω–æ–≤–∞ –º–æ–ª–µ–∫—É–ª–∞ –ê–¢–§ –≤–æ–¥–∏ –¥–æ –æ—Ç–¥–µ–ª—è–Ω–µ –Ω–∞ –º–∏–æ–∑–∏–Ω–æ–≤–∏—Ç–µ –≥–ª–∞–≤–∏ –∏ –ø–æ–¥–≥–æ—Ç–æ–≤–∫–∞ –∑–∞ —Å–ª–µ–¥–≤–∞—â —Ü–∏–∫—ä–ª.";;https://microbenotes.com/wp-content/uploads/2022/07/Mechanism-of-Muscle-Contraction.jpg
–û—Ç –∫–∞–∫–≤–æ –∑–∞–≤–∏—Å–∏ –ø—Ä–æ—Ç–∏—á–∞–Ω–µ—Ç–æ –Ω–∞ –∞–∫—Ç–∏–Ω-–º–∏–æ–∑–∏–Ω–æ–≤–∏—è —Ü–∏–∫—ä–ª?;"–ü—Ä–æ—Ç–∏—á–∞ —Å–∞–º–æ –ø—Ä–∏ –Ω–∞–ª–∏—á–∏–µ –Ω–∞:
- –∫–∞–ª—Ü–∏–π (–∫–æ–π—Ç–æ –æ—Ç–∫—Ä–∏–≤–∞ –º–µ—Å—Ç–∞—Ç–∞ –∑–∞ —Å–≤—ä—Ä–∑–≤–∞–Ω–µ –≤—ä—Ä—Ö—É –∞–∫—Ç–∏–Ω–∞)
- –ê–¢–§ (–æ—Å–∏–≥—É—Ä—è–≤–∞ –µ–Ω–µ—Ä–≥–∏—è –∑–∞ –æ—Ç–¥–µ–ª—è–Ω–µ –∏ –¥–≤–∏–∂–µ–Ω–∏–µ –Ω–∞ –º–∏–æ–∑–∏–Ω–æ–≤–∏—Ç–µ –≥–ª–∞–≤–∏)";;
–ö–∞–∫–≤–æ —Å–µ —Å–ª—É—á–≤–∞ –ø–æ –≤—Ä–µ–º–µ –Ω–∞ –∞–∫—Ç–∏–Ω-–º–∏–æ–∑–∏–Ω–æ–≤–∏—è —Ü–∏–∫—ä–ª –ø—Ä–∏ –ª–∏–ø—Å–∞ –Ω–∞ –ê–¢–§?;–ú–∏–æ–∑–∏–Ω–æ–≤–∏—Ç–µ –≥–ª–∞–≤–∏ –Ω–µ –º–æ–≥–∞—Ç –¥–∞ —Å–µ –æ—Ç–¥–µ–ª—è—Ç –æ—Ç –∞–∫—Ç–∏–Ω–∞ (–Ω–∞–ø—Ä. —Ä–∏–≥–æ—Ä –º–æ—Ä—Ç–∏—Å).;;
–ö–∞–∫–≤–æ —Å–µ —Å–ª—É—á–≤–∞ –ø–æ –≤—Ä–µ–º–µ –Ω–∞ –∞–∫—Ç–∏–Ω-–º–∏–æ–∑–∏–Ω–æ–≤–∏—è —Ü–∏–∫—ä–ª –ø—Ä–∏ –ª–∏–ø—Å–∞ –Ω–∞ –∫–∞–ª—Ü–∏–π?;–ù–µ —Å–µ –æ—Ç–∫—Ä–∏–≤–∞—Ç –º–µ—Å—Ç–∞—Ç–∞ –∑–∞ —Å–≤—ä—Ä–∑–≤–∞–Ω–µ –∏ –Ω–µ –Ω–∞—Å—Ç—ä–ø–≤–∞ —Å—ä–∫—Ä–∞—â–µ–Ω–∏–µ.;;
–ö–∞–∫–≤–æ –µ —Ä–æ–ª—è—Ç–∞ –Ω–∞ –∫–∞–ª—Ü–∏—è –≤ –º—É—Å–∫—É–ª–Ω–æ—Ç–æ —Å—ä–∫—Ä–∞—â–µ–Ω–∏–µ?;"–°–∞—Ä–∫–æ–ø–ª–∞–∑–º–∞—Ç–∏—á–Ω–∏—è—Ç —Ä–µ—Ç–∏–∫—É–ª—É–º –∏–∑–ø—É—Å–∫–∞ –∫–∞–ª—Ü–∏–π, –∫–æ–π—Ç–æ:
- —Å–µ —Å–≤—ä—Ä–∑–≤–∞ —Å —Ç—Ä–æ–ø–æ–Ω–∏–Ω–∞
- —Ç–æ–≤–∞ –∏–∑–º–µ—Å—Ç–≤–∞ —Ç—Ä–æ–ø–æ–º–∏–æ–∑–∏–Ω–∞
- –∏ –æ—Ç–∫—Ä–∏–≤–∞ –º–µ—Å—Ç–∞—Ç–∞ –∑–∞ —Å–≤—ä—Ä–∑–≤–∞–Ω–µ
üìå –ë–µ–∑ –∫–∞–ª—Ü–∏–π ‚Üí –Ω—è–º–∞ —Å—ä–∫—Ä–∞—â–µ–Ω–∏–µ";;
–ö–∞–∫–≤–∞ –µ —Ä–æ–ª—è—Ç–∞ –Ω–∞ –ê–¢–§ –≤ –º—É—Å–∫—É–ª–Ω–æ—Ç–æ —Å—ä–∫—Ä–∞—â–µ–Ω–∏–µ?;–û—Å–∏–≥—É—Ä—è–≤–∞ –µ–Ω–µ—Ä–≥–∏—è –∑–∞ —Å—ä–∫—Ä–∞—â–µ–Ω–∏–µ.;;
–ö–∞–∫–≤–æ —Å–µ —Å–ª—É—á–≤–∞ –ø—Ä–∏ —Ä–µ–ª–∞–∫—Å–∞—Ü–∏—è –Ω–∞ –º—É—Å–∫—É–ª–∞?;"–ù–µ—Ä–≤–Ω–∏—è—Ç –∏–º–ø—É–ª—Å —Å–ø–∏—Ä–∞. –¢–æ–≥–∞–≤–∞:
- –ö–∞–ª—Ü–∏—è—Ç —Å–µ –ø—Ä–∏–±–∏—Ä–∞ –æ–±—Ä–∞—Ç–Ω–æ –≤ —Ä–µ—Ç–∏–∫—É–ª—É–º–∞
- –¢—Ä–æ–ø–æ–Ω–∏–Ω—ä—Ç ‚Äû–ø—É—Å–∫–∞‚Äú —Ç—Ä–æ–ø–æ–º–∏–æ–∑–∏–Ω–∞
- –ú–µ—Å—Ç–∞—Ç–∞ –∑–∞ —Å–≤—ä—Ä–∑–≤–∞–Ω–µ —Å–µ –∑–∞–∫—Ä–∏–≤–∞—Ç
- –ù–æ–≤–∏ –º–æ—Å—Ç–æ–≤–µ –Ω–µ –º–æ–≥–∞—Ç –¥–∞ —Å–µ –æ–±—Ä–∞–∑—É–≤–∞—Ç
- –¢–∏—Ç–∏–Ω—ä—Ç –≤—Ä—ä—â–∞ —Å–∞—Ä–∫–æ–º–µ—Ä–∞ –∫—ä–º –∏–∑—Ö–æ–¥–Ω–∞ –¥—ä–ª–∂–∏–Ω–∞";;
–ö–∞–∫–≤–æ –ø—Ä–µ–¥—Å—Ç–∞–≤–ª—è–≤–∞ —Ç–∏–Ω–∏–Ω—ä—Ç?;"–¢–∏—Ç–∏–Ω—ä—Ç –µ –µ–ª–∞—Å—Ç–∏—á–µ–Ω –±–µ–ª—Ç—ä–∫. –î–µ–π—Å—Ç–≤–∞ –∫–∞—Ç–æ –ø—Ä—É–∂–∏–Ω–∞. 
–û—Å–∏–≥—É—Ä—è–≤–∞:
- –µ–ª–∞—Å—Ç–∏—á–Ω–æ—Å—Ç
- –≤—ä–∑—Å—Ç–∞–Ω–æ–≤—è–≤–∞–Ω–µ —Å–ª–µ–¥ —Ä–∞–∑—Ç—è–≥–∞–Ω–µ
–ü—Ä–∏ –ø—Ä–µ–∫–æ–º–µ—Ä–Ω–æ —Ä–∞–∑—Ç—è–≥–∞–Ω–µ ‚Üí –º–∏–∫—Ä–æ—Ä–∞–∑–∫—ä—Å–≤–∞–Ω–∏—è ‚Üí –º—É—Å–∫—É–ª–Ω–∞ —Ç—Ä–µ—Å–∫–∞";;
–ö–æ—è –µ –µ–¥–∏–Ω—Å—Ç–≤–µ–Ω–∞ –∫–æ—Å—Ç –≤ —á–æ–≤–µ—à–∫–æ—Ç–æ —Ç—è–ª–æ, –∫–æ—è—Ç–æ –Ω–µ —Å–µ —Å–≤—ä—Ä–∑–≤–∞ —Å –¥—Ä—É–≥–∞ –∫–æ—Å—Ç?;"–ü–æ–¥–µ–∑–∏—á–Ω–∞—Ç–∞ –∫–æ—Å—Ç (Os hyoideum). –ù–µ–π–Ω–∞—Ç–∞ —Å—Ç–∞–±–∏–ª–Ω–∞ –ø–æ–∑–∏—Ü–∏—è —Å–µ –æ–ø—Ä–µ–¥–µ–ª—è –æ—Ç –º—É—Å–∫—É–ª–∏ –∏ –æ—Ç —Å—ä–µ–¥–∏–Ω–∏—Ç–µ–ª–Ω–∞—Ç–∞ —Ç—ä–∫–∞. 
";;
–ö–æ–ª–∫–æ —Å–∫–µ–ª–µ—Ç–Ω–∏ –º—É—Å–∫—É–ª–∞ –∏–º–∞ –≤ —á–æ–≤–µ—à–∫–æ—Ç–æ —Ç—è–ª–æ?;–ù–∞–¥ 660.;;
–ö–∞–∫—ä–≤ –ø—Ä–æ—Ü–µ–Ω—Ç –æ—Ç —Ç–µ–ª–µ—Å–Ω–∞—Ç–∞ –º–∞—Å–∞ —Å–∞ –º—É—Å–∫—É–ª–∏—Ç–µ?;35‚Äì40%.;;
"–ú–µ–¥–∏–∞–ª–µ–Ω –∫—Ä–∏–ª–æ–≤–∏–¥–µ–Ω –º—É—Å–∫—É–ª (musculus pterygoideus medialis) –∏ –õ–∞—Ç–µ—Ä–∞–ª–µ–Ω –∫—Ä–∏–ª–æ–≤–∏–¥–µ–Ω –º—É—Å–∫—É–ª (musculus pterygoideus lateralis)
";–î—ä–≤–∫–∞—Ç–µ–ª–Ω–∏ –º—É—Å–∫—É–ª–∏, —É—á–∞—Å—Ç–≤–∞—â–∏ –≤ —Å—Ç—Ä–∞–Ω–∏—á–Ω–∏—Ç–µ –¥–≤–∏–∂–µ–Ω–∏—è –Ω–∞ –¥–æ–ª–Ω–∞—Ç–∞ —á–µ–ª—é—Å—Ç. –ú–µ–¥–∏–∞–ª–Ω–∏—è—Ç —è –ø–æ–≤–¥–∏–≥–∞ –Ω–∞–≥–æ—Ä–µ, –∞ –ª–∞—Ç–µ—Ä–∞–ª–Ω–∏—è—Ç - –∏–∑—Ç–µ–≥–ª—è –Ω–∞–ø—Ä–µ–¥. ;https://prod-images-static.radiopaedia.org/images/21546/3bb97d5a04a3964bff460b57ec9b33_gallery.jpeg;
Musculus longus capitis;–î—ä–ª–±–æ–∫ –º—É—Å–∫—É–ª –Ω–∞ —à–∏—è—Ç–∞. –ò–∑–≤—ä—Ä—à–≤–∞ —Ñ–ª–µ–∫—Å–∏—è –Ω–∞ –≥–æ—Ä–Ω–∞—Ç–∞ —á–∞—Å—Ç –Ω–∞ —à–∏—è—Ç–∞ (‚Äû–∫–∏–º–∞—Ç–µ–ª–Ω–∏‚Äú –¥–≤–∏–∂–µ–Ω–∏—è).;https://www.kenhub.com/thumbor/lmMEYW59QscJcvTGRyUt7BaSf1A=/fit-in/800x1600/filters:watermark(/images/logo_url.png,-10,-10,0):background_color(FFFFFF):format(jpeg)/images/library/12756/jxXr7ruSGGpx96Rgpg1GQ_Musculus_longus_capitis_01.png;
Musculus Longus Colli;"–î—ä–ª—ä–≥ –º—É—Å–∫—É–ª, –∫–æ–π—Ç–æ –ø—Ä–∞–≤–∏ —Ñ–ª–µ–∫—Å–∏—è—Ç–∞ –Ω–∞ —à–∏—è—Ç–∞
";https://www.kenhub.com/thumbor/X1kTyN3XFKVzZTTU0U5aTIqE7_A=/fit-in/800x1600/filters:watermark(/images/logo_url.png,-10,-10,0):background_color(FFFFFF):format(jpeg)/images/library/12839/Longus_colli_muscle.png;
Musculus Rectus Capitis Anterior ;"–§–ª–µ–∫—Å–∏—è –Ω–∞ –≥–æ—Ä–Ω–∞—Ç–∞ —á–∞—Å—Ç –Ω–∞ —à–∏—è—Ç–∞
";https://www.kenhub.com/thumbor/IifXlki-oWKmOaLCCBrqmJ8xsRM=/fit-in/800x1600/filters:watermark(/images/logo_url.png,-10,-10,0):background_color(FFFFFF):format(jpeg)/images/library/12979/JabJKatTH7cdesWRHLkPDg_rectus_capitis_anterior.png;
Musculus Rectus Capitis Lateralis ;"–î–∞–≤–∞ –∏ –ª–µ–∫–∞ —Å—Ç—Ä–∞–Ω–∏—á–Ω–∞ —Ñ–ª–µ–∫—Å–∏—è
";https://www.kenhub.com/thumbor/tCZ1Pxb0jR1qm89DbB776Q-apzo=/fit-in/800x1600/filters:watermark(/images/logo_url.png,-10,-10,0):background_color(FFFFFF):format(jpeg)/images/library/12987/DTN7gkYwgCJ91X43kh5cCg_rectus_capitis_lateralis.png;
"Musculus rectus capitis posterior major & minor
Musculus obliquus inferior & superior capitis 
Musculus semispinalis (–ü–æ–ª—É–æ—Å—Ç–Ω–∏—è—Ç –º—É—Å–∫—É–ª) 
Musculus multifidus rotatores
";"–ï–∫—Å—Ç–µ–Ω–∑–æ—Ä–∏ –Ω–∞ —à–∏—è—Ç–∞. –û—Å–∏–≥—É—Ä—è–≤–∞—Ç –∫–æ–Ω—Ç—Ä–æ–ª–∞ –∑–∞ –ø–æ–¥–¥—ä—Ä–∂–∞–Ω–µ –Ω–∞ –≥–ª–∞–≤–∞—Ç–∞ –∏–∑–ø—Ä–∞–≤–µ–Ω–∞ –∏ –±–∞–ª–∞–Ω—Å–∏—Ä–∞—Ç —à–∏–π–Ω–∏—è –≥—Ä—ä–±–Ω–∞–∫, –±–æ—Ä–µ–π–∫–∏ —Å–µ —Å –≥—Ä–∞–≤–∏—Ç–∞—Ü–∏—è—Ç–∞. –ü—Ä–∏ –¥–≤—É—Å—Ç—Ä–∞–Ω–Ω–∞ –∫–æ–Ω—Ç—Ä–∞–∫—Ü–∏—è -> –µ–∫—Å—Ç–µ–Ω–∑–∏—è (–Ω–∞–∫–ª–æ–Ω—è–≤–∞—Ç –≥–ª–∞–≤–∞—Ç–∞ –Ω–∞–∑–∞–¥). –ü—Ä–∏ –µ–¥–Ω–æ—Å—Ç—Ä–∞–Ω–Ω–∞ –∫–æ–Ω—Ç—Ä–∞–∫—Ü–∏—è -> –Ω–∞–∫–ª–æ–Ω –Ω–∞–∑–∞–¥ + —Ä–æ—Ç–∞—Ü–∏—è –∑–∞—Ä–∞–¥–∏ —Ö–æ–¥–∞ –Ω–∞ –º—É—Å–∫—É–ª–Ω–∏—Ç–µ –≤–ª–∞–∫–Ω–∞.
";https://cdn-aolkg.nitrocdn.com/JEsNUzsMoDdLqhSXkopLhNFWnBniacqf/assets/images/optimized/rev-1fa89a2/www.yoganatomy.com/wp-content/uploads/2022/03/Suboccipital_muscles.jpg;
Musculus spinalis cervicis;–ú–Ω–æ–∂–µ—Å—Ç–≤–æ –º—É—Å–∫—É–ª—á–µ—Ç–∞ –≤ –∑–∞–¥–Ω–∞—Ç–∞ —á–∞—Å—Ç –Ω–∞ —à–∏—è—Ç–∞, –∫–æ–∏—Ç–æ –∏–∑–≤—ä—Ä—à–≤–∞—Ç –µ–∫—Å—Ç–µ–Ω–∑–∏—è –∏ —Ä–æ—Ç–∞—Ü–∏—è –≤ –¥—ä–ª–±–æ—á–∏–Ω–∞;https://www.rehabmypatient.com/media/uploads/articles/spinalis-cervicis.jpg;
Musculi scaleni (–ø—Ä–µ–¥–Ω–∏, —Å—Ä–µ–¥–Ω–∏, –∑–∞–¥–Ω–∏);–°—Ç—Ä–∞–Ω–∏—á–Ω–∞—Ç–∞ –≥—Ä—É–ø–∞ –º—É—Å–∫—É–ª–∏, –∫–æ–∏—Ç–æ —Å–µ –Ω–∞—Ä–∏—á–∞—Ç —Å—Ç—ä–ª–±–µ—Å—Ç–∏ –∏–ª–∏ —Å–∫–∞–ª–µ–Ω–∏. –ü—Ä–∏ –∫–æ–Ω—Ç—Ä–∞–∫—Ü–∏—è -> –Ω–∞–≤–µ–∂–¥–∞—Ç —à–∏—è—Ç–∞ –∏ –≥–ª–∞–≤–∞—Ç–∞ –≤—Å—Ç—Ä–∞–Ω–∏ –∏–ª–∏ –ø—ä–∫ –º–æ–≥–∞—Ç –¥–∞ –ø–æ–≤–¥–∏–≥–Ω–∞—Ç —Ä–µ–±—Ä–∞—Ç–∞ –∏ –ø–æ —Ç–æ–∑–∏ –Ω–∞—á–∏–Ω –¥–∞ –ø–æ–¥–ø–æ–º–æ–≥–Ω–∞—Ç –¥–∏—à–∞–Ω–µ—Ç–æ.;https://hnjclinic.com.au/wp-content/uploads/2025/08/Scalene-Neck-Muscles-1024x808.jpg;
Musculi semispinalis;–î—ä–ª–±–æ–∫ –º—É—Å–∫—É–ª –Ω–∞ –≥—ä—Ä–±–∞, —É—á–∞—Å—Ç–≤–∞—â –≤ –µ–∫—Å—Ç–µ–Ω–∑–∏—è—Ç–∞ –∏ —Å—Ç–∞–±–∏–ª–∏–∑–∞—Ü–∏—è—Ç–∞ –Ω–∞ –≥—Ä—ä–±–Ω–∞—á–Ω–∏—è —Å—Ç—ä–ª–±.;https://learnmuscles.com/wp-content/uploads/2020/11/Semispinalis_Watermarked_HR-868x1024.jpg;
Musculi multifidi;–ö—ä—Å–∏ –¥—ä–ª–±–æ–∫–∏ –º—É—Å–∫—É–ª–∏ –º–µ–∂–¥—É –ø—Ä–µ—à–ª–µ–Ω–∏—Ç–µ. –û—Å–∏–≥—É—Ä—è–≤–∞—Ç —Å—Ç–∞–±–∏–ª–Ω–æ—Å—Ç –∏ —Ñ–∏–Ω –∫–æ–Ω—Ç—Ä–æ–ª –Ω–∞ –¥–≤–∏–∂–µ–Ω–∏—è—Ç–∞.;https://www.kenhub.com/thumbor/hbhyWyHKS1y2G8VYE7pcSkB1i-s=/fit-in/800x1600/filters:watermark(/images/logo_url.png,-10,-10,0):background_color(FFFFFF):format(jpeg)/images/article/musculus-multifidus/FtRyUUHWfj911bOKok78qA_Musculus_multifidus_1.png;
Musculi rotatores;–ù–∞–π-–¥—ä–ª–±–æ–∫–∏—Ç–µ –∫—ä—Å–∏ –º—É—Å–∫—É–ª–∏ –Ω–∞ –≥—ä—Ä–±–∞. –û—Å–∏–≥—É—Ä—è–≤–∞—Ç —Ñ–∏–Ω–∏ —Ä–æ—Ç–∞—Ü–∏–æ–Ω–Ω–∏ –¥–≤–∏–∂–µ–Ω–∏—è –º–µ–∂–¥—É –ø—Ä–µ—à–ª–µ–Ω–∏—Ç–µ.;https://www.kenhub.com/thumbor/tlYKZm16MpZIADGEbHTF7pFoo9M=/fit-in/800x1600/filters:watermark(/images/logo_url.png,-10,-10,0):background_color(FFFFFF):format(jpeg)/images/library/12966/p1fLmDk6stdKvAFtNMailQ_Musculi_rotatores_breves_et_longi_1.png;
"Musculus serratus posterior superior (–∑–∞–¥–µ–Ω –≥–æ—Ä–µ–Ω –∑—ä–±—á–∞—Ç –º—É—Å–∫—É–ª)
";T—ä–Ω—ä–∫, —á–µ—Ç–∏—Ä–∏—ä–≥—ä–ª–µ–Ω –º—É—Å–∫—É–ª, —Ä–∞–∑–ø–æ–ª–æ–∂–µ–Ω –≤ –≥–æ—Ä–Ω–∞—Ç–∞ —á–∞—Å—Ç –Ω–∞ –≥—ä—Ä–±–∞, —Ç–æ—á–Ω–æ –ø–æ–¥ —Ä–æ–º–±–æ–≤–∏–¥–Ω–∏—Ç–µ –º—É—Å–∫—É–ª–∏. –ü–æ–¥–ø–æ–º–∞–≥–∞ –≤–¥–∏—à–≤–∞–Ω–µ—Ç–æ, –∫–∞—Ç–æ –ø–æ–≤–¥–∏–≥–∞ —Ä–µ–±—Ä–∞—Ç–∞, –∫—ä–º –∫–æ–∏—Ç–æ –µ –ø—Ä–∏–∫—Ä–µ–ø–µ–Ω, –∏ –ø–æ —Ç–æ–∑–∏ –Ω–∞—á–∏–Ω —Ä–∞–∑—à–∏—Ä—è–≤–∞ –≥—Ä—ä–¥–Ω–∏—è –∫–æ—à –∏ –ø–æ–¥–ø–æ–º–∞–≥–∞ –ø—Ä–æ—Ü–µ—Å–∞ –Ω–∞ –≤–¥–∏—à–≤–∞–Ω–µ.;https://teachmeanatomy.info/wp-content/uploads/Intermediate-Back-Muscles-Serratus-Posterior-Superior-and-Inferior-1024x970.jpg;
Musculus serratus posterior inferior (–∑–∞–¥–µ–Ω –¥–æ–ª–µ–Ω –∑—ä–±—á–∞—Ç –º—É—Å–∫—É–ª) ;–¢—ä–Ω—ä–∫, –ø–ª–æ—Å—ä–∫ –º—É—Å–∫—É–ª, —Ä–∞–∑–ø–æ–ª–æ–∂–µ–Ω –≤ –ø—Ä–µ—Ö–æ–¥–∞ –º–µ–∂–¥—É –≥—Ä—ä–¥–Ω–∞—Ç–∞ –∏ –ª—É–º–±–∞–ª–Ω–∞—Ç–∞ –æ–±–ª–∞—Å—Ç –Ω–∞ –≥—ä—Ä–±–∞. –¢–æ–π —Å–µ –Ω–∞–º–∏—Ä–∞ –ø–æ–¥ m. latissimus dorsi. –ü–æ–¥–ø–æ–º–∞–≥–∞ –∏–∑–¥–∏—à–≤–∞–Ω–µ—Ç–ø, –∫–∞—Ç–æ —Ç–µ–≥–ª–∏ –¥–æ–ª–Ω–∏—Ç–µ —Ä–µ–±—Ä–∞ –Ω–∞–¥–æ–ª—É –∏ –Ω–∞–∑–∞–¥, –∏ —Å—ä–¥–µ–π—Å—Ç–≤–∞ –∑–∞ —Å–≤–∏–≤–∞–Ω–µ—Ç–æ –Ω–∞ –≥—Ä—ä–¥–Ω–∏—è –∫–æ—à –ø—Ä–∏ –∏–∑–¥–∏—à–≤–∞–Ω–µ. –°—ä—â–æ —Ç–∞–∫–∞ —Ñ–∏–∫—Å–∏—Ä–∞ –¥–æ–ª–Ω–∏—Ç–µ —Ä–µ–±—Ä–∞, –æ—Å–∏–≥—É—Ä—è–≤–∞–π–∫–∏ —Å—Ç–∞–±–∏–ª–Ω–∞ –æ–ø–æ—Ä–∞ –∑–∞ –¥–∏–∞—Ñ—Ä–∞–≥–º–∞—Ç–∞.;https://teachmeanatomy.info/wp-content/uploads/Intermediate-Back-Muscles-Serratus-Posterior-Superior-and-Inferior-1024x970.jpg;
Musculus quadratus lumborum;–î—ä–ª–±–æ–∫ –º—É—Å–∫—É–ª –≤ –ª—É–º–±–∞–ª–Ω–∞—Ç–∞ –æ–±–ª–∞—Å—Ç. –ü—Ä–∏ –µ–¥–Ω–æ—Å—Ç—Ä–∞–Ω–Ω–∞ –∫–æ–Ω—Ç—Ä–∞–∫—Ü–∏—è –∏–∑–≤—ä—Ä—à–≤–∞ —Å—Ç—Ä–∞–Ω–∏—á–µ–Ω –Ω–∞–∫–ª–æ–Ω, –ø—Ä–∏ –¥–≤—É—Å—Ç—Ä–∞–Ω–Ω–∞ ‚Äì –ø–æ–¥–ø–æ–º–∞–≥–∞ –µ–∫—Å—Ç–µ–Ω–∑–∏—è—Ç–∞. –í–∞–∂–µ–Ω —Å—Ç–∞–±–∏–ª–∏–∑–∞—Ç–æ—Ä –Ω–∞ –∫—Ä—ä—Å—Ç–∞.;https://chiro-praxis-berlin.de/wp-content/uploads/2017/12/Quadratus-Lumborum-bold-823.jpg;
Musculus serratus anterior (–ø—Ä–µ–¥–µ–Ω –∑—ä–±—á–∞—Ç –º—É—Å–∫—É–ª);"–ò–º–∞ –º–Ω–æ–∂–µ—Å—Ç–≤–æ –º—É—Å–∫—É–ª–Ω–∏ –∫–æ—Ä–µ–Ω—á–µ—Ç–∞. –ó–∞–ø–æ—á–≤–∞ –æ—Ç 1 –¥–æ 8-9 —Ä–µ–±—Ä–æ, —Å –æ—Ç–¥–µ–ª–Ω–∏ –∫–æ—Ä–µ–º—á–µ—Ç–∞, –∏ –∑–∞–≤—ä—Ä—à–≤–∞ –≤ –¥–æ–ª–Ω–∞—Ç–∞ —á–∞—Å—Ç –Ω–∞ —Å–∫–∞–ø—É–ª–∞—Ç–∞. –ü—Ä–∏ –∫–æ–Ω—Ç—Ä–∞–∫—Ü–∏—è –∏–∑—Ç–µ–≥–ª—è –ª–æ–ø–∞—Ç–∫–∞—Ç–∞ –Ω–∞–≥–æ—Ä–µ. –ü—Ä–∏ —Ñ–ª–µ–∫—Å–∏—è –≤ —Ä–∞–º–µ–Ω–Ω–∞ —Å—Ç–∞–≤–∞ (–ø–æ–≤–¥–∏–≥–∞–Ω–µ –Ω–∞ —Ä—ä–∫–∞—Ç–∞ –¥–æ 180 –≥—Ä–∞–¥—É—Å–∞), –∏–∑—Ç–µ–≥–ª—è –ª–æ–ø–∞—Ç–∫–∞—Ç–∞ –∏ –ø—Ä–∞–≤–∏ –≤—ä–∑–º–æ–∂–Ω–æ —Ç–æ–≤–∞ –¥–≤–∏–∂–µ–Ω–∏–µ. –ò–∑–≤—ä—Ä—à–≤–∞ –∏ –±–æ–∫—Å—å–æ—Ä—Å–∫–æ—Ç–æ –¥–≤–∏–∂–µ–Ω–∏–µ.
";https://www.yoganatomy.com/wp-content/uploads/2020/08/serratus-anterior-muscle.jpg;
Musculus rectus abdominis (–ø—Ä–∞–≤–∏—è—Ç –∫–æ—Ä–µ–º–µ–Ω –º—É—Å–∫—É–ª) ;"–ó–∞—Ö–≤–∞—â–∞ –∑–∞ —Å—Ç–µ—Ä–Ω—É–º–∞, –∑–∞ —Ä–µ–±—Ä–µ–Ω–∞—Ç–∞ –¥—ä–≥–∞, –∞ –≤ –¥–æ–ª–Ω–∞—Ç–∞ —Å–∏ —á–∞—Å—Ç - –∑–∞ –æ—Å –ø—É–±–∏—Å. –ü—Ä–∏ –∫–æ–Ω—Ç—Ä–∞–∫—Ü–∏—è -> —Ñ–ª–µ–∫—Å–∏—è. –ê–Ω—Ç–∞–≥–æ–Ω–∏—Å—Ç–∏—Ç–µ –º—É —Å–∞ Musculus longissimus dorsi, Musculus iliocostalis –∏ 
Musculus spinalis (Erector spinae) –∏ –≤—Å–∏—á–∫–∏ –º—É—Å–∫—É–ª—á–µ—Ç–∞, –∫–æ–∏—Ç–æ —Å–∞ –≤ –¥—ä–ª–±–æ—á–∏–Ω–∞:  Musculi multifidi –∏ Musculi rotatores
";https://www.kenhub.com/thumbor/Uwi4LMlXvKRcbL1Ds450YDoLPlI=/fit-in/800x1600/filters:watermark(/images/logo_url.png,-10,-10,0):background_color(FFFFFF):format(jpeg)/images/library/12986/jt6lkyuTYizDZFWnsiHpng_Musculus_rectus_abdominis_01.png;
–ö–æ–∏ —Å–∞ –∞–Ω—Ç–∞–≥–æ–Ω–∏—Å—Ç–∏—Ç–µ –Ω–∞ Musculus rectus abdominis?;"Musculus longissimus dorsi, Musculus iliocostalis –∏ Musculus spinalis (Erector spinae) –∏ –≤—Å–∏—á–∫–∏ –º—É—Å–∫—É–ª—á–µ—Ç–∞, –∫–æ–∏—Ç–æ —Å–∞ –≤ –¥—ä–ª–±–æ—á–∏–Ω–∞:  Musculi multifidi –∏ Musculi rotatores
";;
–ö–æ–∏ —Å–∞ –∞–Ω—Ç–∞–≥–æ–Ω–∏—Å—Ç–∏—Ç–µ –Ω–∞ Musculus obliquus externus abdominis?;Musculi multifidi –∏ Musculi rotatores;;
–ö–∞–∫–≤–æ –ø—Ä–µ–º–∏–Ω–∞–≤–∞ –ø—Ä–µ–∑ –æ—Ç–≤–æ—Ä–∏—Ç–µ –Ω–∞ –¥–∏–∞—Ñ—Ä–∞–≥–º–∞—Ç–∞?;"–í –∑–æ–Ω–∞—Ç–∞ –≤ –±–ª–∏–∑–æ—Å—Ç –¥–æ —Ç–µ–ª–∞—Ç–∞ –Ω–∞ –ø—Ä–µ—à–ª–µ–Ω–∏—Ç–µ –º–∏–Ω–∞–≤–∞ –∞–æ—Ä—Ç–∞—Ç–∞, –∫–æ—è—Ç–æ –Ω–∞—Ä–∏—á–∞–º–µ –≥—Ä—ä–¥–Ω–∞, –∫–æ–≥–∞—Ç–æ –ø—Ä–µ–º–∏–Ω–∞–≤–∞ –ø—Ä–µ–∑ –≥—Ä—ä–¥–Ω–∞—Ç–∞ –∫—É—Ö–∏–Ω–∞, –∏ –∫–æ—Ä–µ–º–Ω–∞, –∫–æ–≥–∞—Ç–æ —Å–ª–µ–∑–µ –≤ –∫–æ—Ä–µ–º–Ω–∞—Ç–∞ –∫—É—Ö–∏–Ω–∞. –ü—Ä–µ–∑ –ø–æ-–º–∞–ª–∫–∏—è –æ—Ç–≤–æ—Ä –ø—Ä–µ–º–∏–Ω–∞–≤–∞ —Ö—Ä–∞–Ω–æ–ø—Ä–æ–≤–æ–¥–∞, –∞ –ø—Ä–µ–∑ –ø–æ-–≥–æ–ª–µ–º–∏—è - –¥–æ–ª–Ω–∞—Ç–∞ –∫—É—Ö–∞ –≤–µ–Ω–∞.
";;https://teachmeanatomy.info/wp-content/uploads/Transverse-View-of-the-Inferior-Surface-of-the-Diaphragm..jpg
;;;
;;;
;;;
;;;
;;;
;;;
;;;
;;;
;;;
;;;
;;;
;;;
;;;
;;;
;;;
;;;
;;;
;;;
;;;
;;;
;;;
;;;
;;;
;;;
;;;
;;;
;;;
;;;
;;;
;;;
;;;
;;;
;;;
;;;
;;;
;;;
;;;
;;;
;;;
;;;
;;;
;;;
;;;
;;;
;;;
;;;
;;;
;;;
;;;
;;;
;;;
;;;
;;;
;;;
;;;
;;;
;;;
;;;
;;;
;;;
;;;
;;;
;;;
;;;
;;;
;;;
;;;
;;;
;;;
;;;
;;;
;;;
;;;
;;;
;;;
;;;
;;;
;;;
;;;
;;;
;;;
;;;
;;;
;;;
;;;
;;;
;;;
;;;
;;;
;;;
;;;
;;;
;;;
;;;
;;;
;;;
;;;
;;;
;;;
;;;
;;;
;;;
;;;
;;;
;;;
;;;
;;;
;;;
;;;
;;;
;;;
;;;
;;;
;;;
;;;
;;;
;;;
;;;
;;;
;;;
;;;
;;;
;;;
;;;
;;;
;;;
;;;
;;;
;;;
;;;
;;;
;;;
;;;
;;;
;;;
;;;
;;;
;;;
;;;
;;;
;;;
;;;
;;;
;;;
;;;
;;;
;;;
;;;
;;;
;;;
;;;
;;;
;;;
;;;
;;;
;;;
;;;
;;;
;;;
;;;
;;;
;;;
;;;
;;;
;;;
;;;
;;;
;;;
;;;
;;;
;;;
;;;
;;;
;;;
;;;
;;;
;;;
;;;
;;;
;;;
;;;
;;;
;;;
;;;
;;;
;;;
;;;
;;;
;;;
;;;
;;;
;;;
;;;
;;;
;;;
;;;
;;;
;;;
;;;
;;;
;;;
;;;
;;;
;;;
;;;
;;;
;;;
;;;
;;;
;;;
;;;
;;;
;;;
;;;
;;;
;;;
;;;
;;;
;;;
;;;
;;;
;;;
;;;
;;;
;;;
;;;
;;;
;;;
;;;
;;;
;;;
;;;
;;;
;;;
;;;
;;;
;;;
;;;
;;;
;;;
;;;
;;;
;;;
;;;
;;;
;;;
;;;
;;;
;;;
;;;
;;;
;;;
;;;
;;;
;;;
;;;
;;;
;;;
;;;
;;;
;;;
;;;
;;;
;;;
;;;
;;;
;;;
;;;
;;;
;;;
;;;
;;;
;;;
;;;
;;;
;;;
;;;
;;;
;;;
;;;
;;;
;;;
;;;
;;;
;;;
;;;
;;;
;;;
;;;
;;;
;;;
;;;
;;;
;;;
;;;
;;;
;;;
;;;
;;;
;;;
;;;
;;;
;;;
;;;
;;;
;;;
;;;
;;;
;;;
;;;
;;;
;;;
;;;
;;;
;;;
;;;
;;;
;;;
;;;
;;;
;;;
;;;
;;;
;;;
;;;
;;;
;;;
;;;
;;;
;;;
;;;
;;;
;;;
;;;
;;;
;;;
;;;
;;;
;;;
;;;
;;;
;;;
;;;
;;;
;;;
;;;
;;;
;;;
;;;
;;;
;;;
;;;
;;;
;;;
;;;
;;;
;;;
;;;
;;;
;;;
;;;
;;;
;;;
;;;
;;;
;;;
;;;
;;;
;;;
;;;
;;;
;;;
;;;
;;;
;;;
;;;
;;;
;;;
;;;
;;;
;;;
;;;
;;;
;;;
;;;
;;;
;;;
;;;
;;;
;;;
;;;
;;;
;;;
;;;
;;;
;;;
;;;
;;;
;;;
;;;
;;;
;;;
;;;
;;;
;;;
;;;
;;;
;;;
;;;
;;;
;;;
;;;
;;;
;;;
;;;
;;;
;;;
;;;
;;;
;;;
;;;
;;;
;;;
;;;
;;;
;;;
;;;
;;;
;;;
;;;
;;;
;;;
;;;
;;;
;;;
;;;
;;;
;;;
;;;
;;;
;;;
;;;
;;;
;;;
;;;
;;;
;;;
;;;
;;;
;;;
;;;
;;;
;;;
;;;
;;;
;;;
;;;
;;;
;;;
;;;
;;;
;;;
;;;
;;;
;;;
;;;
;;;
;;;
;;;
;;;
;;;
;;;
;;;
;;;
;;;
;;;
;;;
;;;
;;;
;;;
;;;
;;;
;;;
;;;
;;;
;;;
;;;
;;;
;;;
;;;
;;;
;;;
;;;
;;;
;;;
;;;
;;;
;;;
;;;
;;;
;;;
;;;
;;;
;;;
;;;
;;;
;;;
;;;
;;;
;;;
;;;
;;;
;;;
;;;
;;;
;;;
;;;
;;;
;;;
;;;
;;;
;;;
;;;
;;;
;;;
;;;
;;;
;;;
;;;
;;;
;;;
;;;
;;;
;;;
;;;
;;;
;;;
;;;
;;;
;;;
;;;
;;;
;;;
;;;
;;;
;;;
;;;
;;;
;;;
;;;
;;;
;;;
;;;
;;;
;;;
;;;
;;;
;;;
;;;
;;;
;;;
;;;
;;;
;;;
;;;
;;;
;;;
;;;
;;;
;;;
;;;
;;;
;;;
;;;
;;;
;;;
;;;
;;;
;;;
;;;
;;;
;;;
;;;
;;;
;;;
;;;
;;;
;;;
;;;
;;;
;;;
;;;
;;;
;;;
;;;
;;;
;;;
;;;
;;;
;;;
;;;
;;;
;;;
;;;
;;;
;;;
;;;
;;;
;;;
;;;
;;;
;;;
;;;
;;;
;;;
;;;
;;;
;;;
;;;
;;;
;;;
;;;
;;;
;;;
;;;
;;;
;;;
;;;
;;;
;;;
;;;
;;;
;;;
;;;
;;;
;;;
;;;
;;;
;;;
;;;
;;;
;;;
;;;
;;;
;;;
;;;
;;;
;;;
;;;
;;;
;;;
;;;
;;;
;;;
;;;
;;;
;;;
;;;
;;;
;;;
;;;
;;;
;;;
;;;
;;;
;;;
;;;
;;;
;;;
;;;
;;;
;;;
;;;
;;;
;;;
;;;
;;;
;;;
;;;
;;;
;;;
;;;
;;;
;;;
;;;
;;;
;;;
;;;
;;;
;;;
;;;
;;;
;;;
;;;
;;;
;;;
;;;
;;;
;;;
;;;
;;;
;;;
;;;
;;;
;;;
;;;
;;;
;;;
;;;
;;;
;;;
;;;
;;;
;;;
;;;
;;;
;;;
;;;
;;;
;;;
;;;
;;;
;;;
;;;
;;;
;;;
;;;
;;;
;;;
;;;
;;;
;;;
;;;
;;;
;;;
;;;
;;;
;;;
;;;
;;;
;;;
;;;
;;;
;;;
;;;
;;;
;;;
;;;
;;;
;;;
;;;
;;;
;;;
;;;
;;;
;;;
;;;
;;;
;;;
;;;
;;;
;;;
;;;
;;;
;;;
;;;
;;;
;;;
;;;
;;;
;;;
;;;
;;;
;;;
;;;
;;;
;;;
;;;
;;;
;;;
;;;
;;;
;;;
;;;
;;;
;;;
;;;
;;;
;;;
;;;
;;;
;;;
;;;
;;;
;;;
;;;
;;;
;;;
;;;
;;;
;;;
;;;
;;;
;;;
;;;
;;;
;;;
;;;
;;;
;;;
;;;
;;;
;;;
;;;
;;;
;;;
;;;
;;;
;;;
;;;
;;;
;;;
;;;
;;;
;;;
;;;
;;;
;;;
;;;
;;;
;;;
;;;
;;;
;;;
;;;
;;;
;;;
;;;
;;;
;;;
;;;
;;;
;;;
;;;
;;;
;;;
;;;
;;;
;;;
;;;
;;;
;;;
;;;
;;;
;;;
;;;
;;;
;;;
;;;
;;;
;;;
;;;
;;;
;;;
;;;